id;name;date_from;date_to;description
1;Corse;2022-03-21;2022-03-21;Account virtual
2;c encoding payment;2022-03-21;2022-03-21;hacking
3;reinvent Books;2022-03-20;2022-03-21;Movies
4;b Account de;2022-03-21;2022-03-20;leading-edge Turquie Soudan
5;parse Chair;2022-03-20;2022-03-20;up
6;ÃŽle-de-France;2022-03-21;2022-03-21;Small wireless
7;THX generation;2022-03-21;2022-03-20;Lek Moldavie
8;Saint-Denis deliverables;2022-03-20;2022-03-21;connecting
9;Re-contextualized Technicien;2022-03-21;2022-03-20;Cotton
10;Frozen;2022-03-21;2022-03-21;SAS
